Delete From cunxiaoo_houtai.donations;
Delete From cunxiaoo_houtai.bankacts;
Delete From cunxiaoo_houtai.feedbacks;
Delete From cunxiaoo_houtai.contacts;
Delete From cunxiaoo_houtai.users;
Delete From cunxiaoo_houtai.school_schedules;
Delete From cunxiaoo_houtai.schools;
Delete From cunxiaoo_houtai.address_dictionary;


INSERT INTO `cunxiaoo_houtai`.`users` (`sid`,`name`,`dob`,`status`,`contact_note`,`province`,`city`,`area`,`town`,`villiage`,`postcode`,`address`,`mobile`,`email`,`phone`,`webid1`,`webid2`,`webid3`,`nickname`,`remark`,`aboutme`, `id`) VALUES('ST-0001','蔡佳宾','1990/12/14 0:00:00','N','','宁夏','固原市','隆德县','','','756304','宁夏回族自治区隆德县温堡乡温堡中学',' ','','0954-6661280','1031022108','','','','','', 1);
INSERT INTO `cunxiaoo_houtai`.`users` (`sid`,`name`,`dob`,`status`,`contact_note`,`province`,`city`,`area`,`town`,`villiage`,`postcode`,`address`,`mobile`,`email`,`phone`,`webid1`,`webid2`,`webid3`,`nickname`,`remark`,`aboutme`, `id`) VALUES('ST-0002','武子意','1990/12/15 0:00:00','N','','云南','楚雄州','武定县','','','651600','云南省武定县武定第一中学','15096453828','','','','','','','','', 2);
INSERT INTO `cunxiaoo_houtai`.`users` (`sid`,`name`,`dob`,`status`,`contact_note`,`province`,`city`,`area`,`town`,`villiage`,`postcode`,`address`,`mobile`,`email`,`phone`,`webid1`,`webid2`,`webid3`,`nickname`,`remark`,`aboutme`, `id`) VALUES('ST-0003','杨洪仙','1990/12/16 0:00:00','N','','云南','楚雄州','武定县','','','651600','云南省楚雄彝族自治州武定县香水中学','15125938089','','','','','','','','', 3);
INSERT INTO `cunxiaoo_houtai`.`users` (`sid`,`name`,`dob`,`status`,`contact_note`,`province`,`city`,`area`,`town`,`villiage`,`postcode`,`address`,`mobile`,`email`,`phone`,`webid1`,`webid2`,`webid3`,`nickname`,`remark`,`aboutme`, `id`) VALUES('ST-0004','杨杰斌','1990/12/17 0:00:00','N','','云南','楚雄州','武定县','','','651600','云南省武定县民族中学','15125889714','','','','','','','','', 4);
INSERT INTO `cunxiaoo_houtai`.`users` (`sid`,`name`,`dob`,`status`,`contact_note`,`province`,`city`,`area`,`town`,`villiage`,`postcode`,`address`,`mobile`,`email`,`phone`,`webid1`,`webid2`,`webid3`,`nickname`,`remark`,`aboutme`, `id`) VALUES('ST-0005','莫色伍牛','1990/12/18 0:00:00','N','','四川','凉山州','喜德县','','','616750','四川省凉山州喜德县冕山中学','18981535339','','0834-7449856','','','','','','', 5);
INSERT INTO `cunxiaoo_houtai`.`users` (`sid`,`name`,`dob`,`status`,`contact_note`,`province`,`city`,`area`,`town`,`villiage`,`postcode`,`address`,`mobile`,`email`,`phone`,`webid1`,`webid2`,`webid3`,`nickname`,`remark`,`aboutme`, `id`) VALUES('ST-0006','马文峰','1990/12/19 0:00:00','N','','四川','凉山州','冕宁县','','','615600','四川省凉山州冕宁中学','14780658604','','','','','','','','', 6);
INSERT INTO `cunxiaoo_houtai`.`users` (`sid`,`name`,`dob`,`status`,`contact_note`,`province`,`city`,`area`,`town`,`villiage`,`postcode`,`address`,`mobile`,`email`,`phone`,`webid1`,`webid2`,`webid3`,`nickname`,`remark`,`aboutme`, `id`) VALUES('ST-0007','巴久阿强','1990/12/20 0:00:00','N','','四川','凉山州','喜德县','','','616750','四川省凉山州喜德县冕山中学','18383403429','','','','','','','','', 7);
INSERT INTO `cunxiaoo_houtai`.`users` (`sid`,`name`,`dob`,`status`,`contact_note`,`province`,`city`,`area`,`town`,`villiage`,`postcode`,`address`,`mobile`,`email`,`phone`,`webid1`,`webid2`,`webid3`,`nickname`,`remark`,`aboutme`, `id`) VALUES('ST-0008','马仲兵','1990/12/21 0:00:00','N','','贵州','毕节市','威宁县','','','553100','贵州省毕节市威宁黑石二中','18286782315','','','','','','','','', 8);
INSERT INTO `cunxiaoo_houtai`.`users` (`sid`,`name`,`dob`,`status`,`contact_note`,`province`,`city`,`area`,`town`,`villiage`,`postcode`,`address`,`mobile`,`email`,`phone`,`webid1`,`webid2`,`webid3`,`nickname`,`remark`,`aboutme`, `id`) VALUES('ST-0009','李艳梅','1990/12/22 0:00:00','N','','贵州','毕节市','威宁县','','','553100','贵州省毕节市威宁黑石二中','18076138248','','','','','','','','', 9);
INSERT INTO `cunxiaoo_houtai`.`users` (`sid`,`name`,`dob`,`status`,`contact_note`,`province`,`city`,`area`,`town`,`villiage`,`postcode`,`address`,`mobile`,`email`,`phone`,`webid1`,`webid2`,`webid3`,`nickname`,`remark`,`aboutme`, `id`) VALUES('ST-0010','黄良有','1990/12/23 0:00:00','N','','云南','曲靖市','会泽县','','','654200','云南省曲靖市会泽县实验高中','15752158058','','','','','','','','', 10);
INSERT INTO `cunxiaoo_houtai`.`users` (`sid`,`name`,`dob`,`status`,`contact_note`,`province`,`city`,`area`,`town`,`villiage`,`postcode`,`address`,`mobile`,`email`,`phone`,`webid1`,`webid2`,`webid3`,`nickname`,`remark`,`aboutme`, `id`) VALUES('','陈艳辉','','N','','河南','郑州市','','','','450000','','13592424450','yswxcyh@126.com','','469030724','','','','','', 11);
INSERT INTO `cunxiaoo_houtai`.`users` (`sid`,`name`,`dob`,`status`,`contact_note`,`province`,`city`,`area`,`town`,`villiage`,`postcode`,`address`,`mobile`,`email`,`phone`,`webid1`,`webid2`,`webid3`,`nickname`,`remark`,`aboutme`, `id`) VALUES('','贺艳丽','','N','','纽约','','','','','','','1-6462583769','drizzlehe@hotmail.com','','','','','','捐助人在国外无法电话联络','', 12);
INSERT INTO `cunxiaoo_houtai`.`users` (`sid`,`name`,`dob`,`status`,`contact_note`,`province`,`city`,`area`,`town`,`villiage`,`postcode`,`address`,`mobile`,`email`,`phone`,`webid1`,`webid2`,`webid3`,`nickname`,`remark`,`aboutme`, `id`) VALUES('','言月','','N','','','北京市','','','','100000','','18614057927','tree819@163.com','','','','','小月姐姐','','', 13);
INSERT INTO `cunxiaoo_houtai`.`users` (`sid`,`name`,`dob`,`status`,`contact_note`,`province`,`city`,`area`,`town`,`villiage`,`postcode`,`address`,`mobile`,`email`,`phone`,`webid1`,`webid2`,`webid3`,`nickname`,`remark`,`aboutme`, `id`) VALUES('','林凡琦','','N','','','','','','','','','18638640795','56633869@qq.com','','56633869','','','','','', 14);
INSERT INTO `cunxiaoo_houtai`.`users` (`sid`,`name`,`dob`,`status`,`contact_note`,`province`,`city`,`area`,`town`,`villiage`,`postcode`,`address`,`mobile`,`email`,`phone`,`webid1`,`webid2`,`webid3`,`nickname`,`remark`,`aboutme`, `id`) VALUES('','吴琴','','N','','广东','广州市','','','','510000','','13560170457','50143041@qq.com','','50143041','','','','','', 15);
INSERT INTO `cunxiaoo_houtai`.`users` (`sid`,`name`,`dob`,`status`,`contact_note`,`province`,`city`,`area`,`town`,`villiage`,`postcode`,`address`,`mobile`,`email`,`phone`,`webid1`,`webid2`,`webid3`,`nickname`,`remark`,`aboutme`, `id`) VALUES('','徐源','','N','','浙江','金华市','','','','321000','','13355795555','181917564@qq.com','','181917564','','','','','', 16);
INSERT INTO `cunxiaoo_houtai`.`users` (`sid`,`name`,`dob`,`status`,`contact_note`,`province`,`city`,`area`,`town`,`villiage`,`postcode`,`address`,`mobile`,`email`,`phone`,`webid1`,`webid2`,`webid3`,`nickname`,`remark`,`aboutme`, `id`) VALUES('','黎亦乐','','N','','广东','广州市','','','','510000','','13609747403','joyce-lai@21cn.com','','','','','','','', 17);
INSERT INTO `cunxiaoo_houtai`.`users` (`sid`,`name`,`dob`,`status`,`contact_note`,`province`,`city`,`area`,`town`,`villiage`,`postcode`,`address`,`mobile`,`email`,`phone`,`webid1`,`webid2`,`webid3`,`nickname`,`remark`,`aboutme`, `id`) VALUES('','周晶','','N','','广东','广州市','海珠区','','','510000','广州市海珠区新港西路135号中山大学政治与公共事务管理学院','13922770081','zhouj27@126.com','','','','','周妈妈','','', 18);
INSERT INTO `cunxiaoo_houtai`.`users` (`sid`,`name`,`dob`,`status`,`contact_note`,`province`,`city`,`area`,`town`,`villiage`,`postcode`,`address`,`mobile`,`email`,`phone`,`webid1`,`webid2`,`webid3`,`nickname`,`remark`,`aboutme`, `id`) VALUES('','禹林','','N','','广东','珠海市','','','','519000','','13631256229','suxinghzh@hotmail.com','','278078304','','','','','', 19);
INSERT INTO `cunxiaoo_houtai`.`users` (`sid`,`name`,`dob`,`status`,`contact_note`,`province`,`city`,`area`,`town`,`villiage`,`postcode`,`address`,`mobile`,`email`,`phone`,`webid1`,`webid2`,`webid3`,`nickname`,`remark`,`aboutme`, `id`) VALUES('','陈坤','','N','','浙江','宁波市','','','','315000','宁波市和义路77号汇金大厦4楼','13777028903','602696393@qq.com','0574-87368753','','','','坤哥哥','','', 20);
INSERT INTO `cunxiaoo_houtai`.`users` (`sid`,`name`,`dob`,`status`,`contact_note`,`province`,`city`,`area`,`town`,`villiage`,`postcode`,`address`,`mobile`,`email`,`phone`,`webid1`,`webid2`,`webid3`,`nickname`,`remark`,`aboutme`, `id`) VALUES('','刘基庚','1982/12/14 0:00:00','N','','甘肃','兰州市','城关区','','','730030','甘肃省兰州市城关区','15928867602','ljg@163.com','028-61909537','110932015','','','','','', 21);

Update `cunxiaoo_houtai`.`users` set `photo` = '1.jpg' where `id` = 1;
Update `cunxiaoo_houtai`.`users` set `photo` = '2.jpg' where `id` = 2;
Update `cunxiaoo_houtai`.`users` set `photo` = '3.jpg' where `id` = 3;
Update `cunxiaoo_houtai`.`users` set `photo` = '4.jpg' where `id` = 4;
Update `cunxiaoo_houtai`.`users` set `photo` = '5.jpg' where `id` = 5;
Update `cunxiaoo_houtai`.`users` set `photo` = '6.jpg' where `id` = 6;
Update `cunxiaoo_houtai`.`users` set `photo` = '7.jpg' where `id` = 7;
Update `cunxiaoo_houtai`.`users` set `photo` = '8.jpg' where `id` = 8;
Update `cunxiaoo_houtai`.`users` set `photo` = '9.jpg' where `id` = 9;
Update `cunxiaoo_houtai`.`users` set `photo` = '10.jpg' where `id` = 10;


Update `cunxiaoo_houtai`.`users` set `type` = 'S' where `id` < 11;
Update `cunxiaoo_houtai`.`users` set `type` = 'D' where `id` > 10;
Update `cunxiaoo_houtai`.`users` set `type` = 'U' where `id` = 21;

INSERT INTO `cunxiaoo_houtai`.`schools`(`id`,`name`,`brief`,`address`,`bankact_address`,`province`,`city`,`area`,`main_contact`,`other_contact`,`cooperate`,`facilities`,`size`,`comments`,`feedback_note`,`student_contact`) VALUES(1,'温堡中学','温堡中学位于隆德县西南部，地处两省（宁夏、甘肃）三县（隆德、静宁、庄浪）交界处。是自治区最南端的山区中学。学校始建于1958年，1999年被列为“国家贫困地区义务教育工程项目学校”，2002年列为“危房改造工程”，2004年列为“农村寄宿制工程项目学校”，国家总投资累计400万元。学校占地面积17342m2(26亩),校舍建筑面积5123m2,生均校舍面积8.06m2。','宁夏回族自治区隆德县温堡乡温堡中学','邮编：756304；宁夏回族自治区隆德县温堡乡温堡中学 ','宁夏','固原','隆德','','',1,'是','教学设施齐全。设有图书室、阅览室，标准的理、化、生实验室、微机室、多媒体室，农村远程教育接收站。校园局域网，校园广播网， 接通10M光纤互联网。生活设施齐全。学生食堂、学生餐厅、教师食堂、锅炉房等，基本能满足师生教学生活需要。','全校现有学生635名,其中女生309名。12个教学班.现有教职工51人,专任教师37人。','合作愉快 ','无邮局，老师协助反馈');
INSERT INTO `cunxiaoo_houtai`.`schools`(`id`,`name`,`brief`,`address`,`bankact_address`,`province`,`city`,`area`,`main_contact`,`other_contact`,`cooperate`,`facilities`,`size`,`comments`,`feedback_note`,`student_contact`) VALUES(2,'武定第一中学','武定一中坐落在神奇美丽的狮子山东麓孔庙旧址，背倚伏卧雄狮，门对盘龙鸠水，古木参天，翠竹摇曳，物华天宝，地灵人杰，气象独钟，文运永昌。她秉承罗婺灵源，历经七十载的雨雪风霜，伴随着祖国的兴衰，与民族同呼吸共命运。经过新旧两代知识分子不断求索、默默奉献，用科学文化之源浇灌一代又一代学子，树起了一座千秋伟业的巍巍丰碑。正如校友杨先春所歌：灿灿武中，灼灼奇葩。钟灵毓秀，成就栋梁。莘莘学子来八方，修业进德当自强。鹏飞鲲击，高翔寥廓；春风化雨，沐德含章。博学济世，文教允昌。武定一中桃李芬芳，育才万千谱写春秋!','云南省武定县武定第一中学','邮编：651600；云南省武定县武定第一中学','云南','楚雄','武定','李红 
15987847895
0878-8836296','',1,'是','2005年12月，通过向社会融资110万元，政府投资80万元，建盖一个1800平方米的师生餐厅。成功的迈出了后勤社会化的第一步。今年，又积极争取资金，修建一座含学术报告厅的现代化图书馆，修建老教学楼和校史馆；修建足球场塑胶跑道。通过整个校园的绿化、美化、亮化工程建设，校园面貌焕然一新。近五年的学校固定资产投入已经超过了这以前65年的总和，极大的改善了学校的办学条件。','武定一中桃李满天下，校友遍神州。为传承文明和社会进步作出了不可磨灭的贡献。建校70年来，共毕业初中152个班，高中179个班，毕业初、高中生18550多人，师范生1096人。','新负责老师，互相还不熟悉','学生自助反馈');
INSERT INTO `cunxiaoo_houtai`.`schools`(`id`,`name`,`brief`,`address`,`bankact_address`,`province`,`city`,`area`,`main_contact`,`other_contact`,`cooperate`,`facilities`,`size`,`comments`,`feedback_note`,`student_contact`) VALUES(3,'香水中学','云南省武定县近城镇香水中学的前身是香水小学附设初中班，始办于1969年9月，1986年被州教委批准为农村初级中学，第二年小学分出，因毗邻香水庄村，故定名为香水中学，至今共办131个班，学校占地12亩，是一所袖珍式学校。','云南省楚雄彝族自治州武定县香水中学','邮编：651600；地址：云南省楚雄彝族自治州武定县香水中学德育室转  ','云南','楚雄','武定','熊春光, 18088262633          0878-886785','杨云
13095280936；
0878-8867857  ',1,'是','校园占地148.5亩，可容纳90个教学班5000余名学生。现代化的教学楼、图书馆、科技楼、报告厅、餐饮楼、学生宿舍，设备齐全的音体馆，标准的体育运动场以及校园超市、话吧、理发店、洗衣店、文印中心和社区医疗点等教学和生活服务设施，为学生提供优越的学习和生活环境。
学校开通了校园网络，网络终端安到教室，有中心机房3个，可通过中心机房，向全体学生进行教育教学活动。教师已把现代化教育技术逐步引入常规教学之中。学校装备了校园广播系统。科技楼设有计算机教室3个，理、化、生实验室18个；有专用的音乐、美术教室各1个；图书馆现有藏书12.5万册；每间教室配备了彩电。','共办131个班，学校占地12亩','老师，不靠谱，注意','学生自助反馈');
INSERT INTO `cunxiaoo_houtai`.`schools`(`id`,`name`,`brief`,`address`,`bankact_address`,`province`,`city`,`area`,`main_contact`,`other_contact`,`cooperate`,`facilities`,`size`,`comments`,`feedback_note`,`student_contact`) VALUES(4,'武定县民族中学','学校始建于1984年，东临武定烈士陵园，西至鲍家村公路，南至武定近城镇敬老院，北至武定南街4队居民房。原名武定近城镇第一中学，简称（镇中）已南边的武定民族小学仅一墙之隔，校址位于武定城南郊鲍家村。
2009年，把武定高桥镇上的武定第二中学搬迁出武定，把武定近城镇第一中学，武定民族小学，两校围墙打通，连接成一体，撤并重新组建而成的一所完全中学，2009年9月1日，学校挂牌正式成立。','云南省武定县民族中学','邮编：651600；地址：云南省武定县武定民族中学','四川','凉山','喜德','李莲手机：13987858714，    08788714579 ','',1,'是','学校现已建起一流的设施：格局新颖建筑面积为6154平方米、投资667万元的教学主楼，以社会融资形式建盖的投资150万元建筑面积1800平方米的师生餐厅，在教育局和世界“宣明会”支持下，投资共近7百万元的多功能综合楼、两幢教学楼、两幢学生宿舍楼正拔地而起，将于2007年8月投入使用，语音室设备、网络教室、多媒体教室及理、化、生实验室等现代化的教育设施俱全。从县城通往学校的1.2公里路面的修复工程已完工。','','合作愉快 ','学生自助反馈');
INSERT INTO `cunxiaoo_houtai`.`schools`(`id`,`name`,`brief`,`address`,`bankact_address`,`province`,`city`,`area`,`main_contact`,`other_contact`,`cooperate`,`facilities`,`size`,`comments`,`feedback_note`,`student_contact`) VALUES(5,'冕山中学','1958年至1971年学校为全日制初级中学，1972年始办高中班，现属于喜德县唯一的一所经省人民政府批准的全日制普通高完中。','四川省凉山州喜德县冕山中学','邮编：616752；四川省凉山州喜德县冕山镇冕山中学教导处转  ','四川','凉山','冕宁','李红梅  
13981581299；
0834-7450022 ','',1,'是','学校占地面积32663.9平方米（约49亩），建筑面积13000平方米，其中：教学楼二幢2429.5平方米、理、化、生、微机实验大楼一幢391.9平方米，教师宿舍楼四幢4320平方米、学生宿舍1500平方米。篮球场二个，有长100米，宽60米田径场一个，内设200米环形跑道和简易小足球场。学校有计算机教室二个，110台计算机，图书室一个，各种图书17000册，生均达17册。学校办有印刷厂，有30亩学农基地。','学校现有初、高中在校学生1058名，20个教学班，教职工92名，其中专任教师81名，教职工中中学高级教师12名，中学一级教师33名，本科学历53人，专科学历30个。学校办学宗旨：培养合格的初、高中毕业生。',' ','');
INSERT INTO `cunxiaoo_houtai`.`schools`(`id`,`name`,`brief`,`address`,`bankact_address`,`province`,`city`,`area`,`main_contact`,`other_contact`,`cooperate`,`facilities`,`size`,`comments`,`feedback_note`,`student_contact`) VALUES(6,'冕宁中学','四川省冕宁中学，始建于1943年，1982年3月批准为四川省重点中学，2002年被确认为"四川省示范性普通高中"。在校学生2400多人。','四川省凉山州冕宁中学','邮编：615600 ；四川省冕宁县冕宁中学办公室转 ','四川','凉山','冕宁','贾晋洪老师 
13778676612','李小兰 
15881586178；
08346722226 ',1,'是','四川省冕宁中学有着良好的办学条件。教学、科研、实验、图书、艺术、体育、学生公寓等方面的硬件设施均达到了省级示范性学校标准。特别是在信息技术教育方面，学校建立了校园网络，建成和开通远程网校，使学生能够充分享受到诸多名校的教育教学信息资源。','四川省冕宁中学凭借一流的管理，一流的师资，以"教育质量经久不衰" 而享誉州内外，升学率保持在90%以上。恢复高考至今，已为高一级学校输送了4600名优秀学生。','合作多年','');
INSERT INTO `cunxiaoo_houtai`.`schools`(`id`,`name`,`brief`,`address`,`bankact_address`,`province`,`city`,`area`,`main_contact`,`other_contact`,`cooperate`,`facilities`,`size`,`comments`,`feedback_note`,`student_contact`) VALUES(7,'黑石二中','黑石中学拥有一个具有强大凝聚力和向心力的领导班子队伍，以校长陈长志为核心的校委会，精诚团结，作风精良，分工明确，大胆开拓，他们团结务实，恪尽职守，勤奋创新，在他们的领导下，黑石中学的面貌焕然一新，发生了史无前例的变化。','贵州省毕节市威宁黑石二中','邮编 553105；贵州省威宁县黑石头镇第二中学总务处转 ','贵州','毕节','威宁','浦老师  13638570175 ','',1,'是','绿草落英缤纷，俨然是花的海洋。现代化教学设施已步入课堂，多媒体电教室，微机室，教学管理监控室，各教学班级配备的“四机一幕”，更是我市乡镇中学绝无仅有，理、化、生实验室设备齐全，可供学生亲自实践操作，校舍建设一年一个样，旧房危房已当然无存，取而带之的是一栋栋红砖绿瓦、规划合理、设施先进的新校舍，我校的学生公寓可同时容纳600至800人。学生食堂宽敞干净，卫生水平达标，食堂工作人员热情负责，为孩子们的健康成长营造了充满温馨的气氛。被我市教委授予“最美校园最佳管理”荣誉称号。','现学校占地面积14674平方米，建筑面积4300平方米，有教学班16个，在校就读的学生800多人，学校共有教师62人，其中有本科学历的教师多达45人，教师的学历达标率高达98%以上，这些人类灵魂的工程师们正在各自的岗位为学校谱写着一曲又一曲壮丽的篇章，创造着一个又一个令世人瞩目的奇迹，他们无怨无悔，默默奉贤，甘做蜡烛燃尽自己照亮别人，“春蚕到死丝方尽，蜡炬成灰泪始干”。多年来，正是他们的辛勤耕耘，才为上级学校输送了一批又一批合格人才，使得黑石中学连续多年被磐石市教育局评选为“中学先进”单位。为振兴我市教育事业立下了汗马功劳。','老师很负责认真','学生自助反馈');
INSERT INTO `cunxiaoo_houtai`.`schools`(`id`,`name`,`brief`,`address`,`bankact_address`,`province`,`city`,`area`,`main_contact`,`other_contact`,`cooperate`,`facilities`,`size`,`comments`,`feedback_note`,`student_contact`) VALUES(8,'会泽县实验高中','会泽县实验高级中学于2002年开始筹建，2004年8月建成招生，总投资8741.44万元，是严格按云南省一级中学标准规划和建设的国家公办高中。','云南省曲靖市会泽县实验高中','邮编: 654200，云南省会泽县通宝路651号会泽实验高级中学 ','云南','曲靖','会泽','龙芬 13466102289， 0874-5687069 ','',1,'是','校园占地148.5亩，可容纳90个教学班5000余名学生。现代化的教学楼、图书馆、科技楼、报告厅、餐饮楼、学生宿舍，设备齐全的音体馆，标准的体育运动场以及校园超市、话吧、理发店、洗衣店、文印中心和社区医疗点等教学和生活服务设施，为学生提供优越的学习和生活环境。
学校开通了校园网络，网络终端安到教室，有中心机房3个，可通过中心机房，向全体学生进行教育教学活动。教师已把现代化教育技术逐步引入常规教学之中。学校装备了校园广播系统。科技楼设有计算机教室3个，理、化、生实验室18个；有专用的音乐、美术教室各1个；图书馆现有藏书12.5万册；每间教室配备了彩电。','2009年，学校有教职工332人。其中，高级教师49人。学校教风正，教研氛围浓，拥有一支能吃苦、能奉献、业务精湛的教师队伍。专任教师学历合格率100%。学校领导班子年富力强、团结务实、锐意进取，“苦字当头、实干兴教”精神弥散校园。学校现已形成既能大面积提高教学质量，又能使尖子生脱颖而出的办学机制。2007年首届毕业生毕业，上线1477人，上线率60.88%，培养了会泽县文、理科状元。2008年高考上线1891人，上线率73.07%，再一次培养出会泽县高考文、理科状元，李建同学被北京大学录取。2009年上线 2120人，上线率91.46%，连续第三年培养出会泽县高考文、理科状元，彭兴同学被清华大学录取。','老师很负责认真','反馈方式和老师商讨中');

INSERT INTO `cunxiaoo_houtai`.`school_schedules`(`id`,`school_id`,`grade`,`semester`,`year`,`startdate`,`enddate`) VALUES(1,1,'初中一年级 ','2014春季',2014,'2014/3/1 0:00:00','2014/7/10 0:00:00');
INSERT INTO `cunxiaoo_houtai`.`school_schedules`(`id`,`school_id`,`grade`,`semester`,`year`,`startdate`,`enddate`) VALUES(2,1,'初中二年级 ','2014春季',2014,'2014/3/2 0:00:00','2014/7/10 0:00:00');
INSERT INTO `cunxiaoo_houtai`.`school_schedules`(`id`,`school_id`,`grade`,`semester`,`year`,`startdate`,`enddate`) VALUES(3,1,'初中三年级 ','2014春季',2014,'2014/3/3 0:00:00','2014/7/10 0:00:00');
INSERT INTO `cunxiaoo_houtai`.`school_schedules`(`id`,`school_id`,`grade`,`semester`,`year`,`startdate`,`enddate`) VALUES(4,2,'初中一年级 ','2014春季',2014,'2014/3/4 0:00:00','2014/7/10 0:00:00');
INSERT INTO `cunxiaoo_houtai`.`school_schedules`(`id`,`school_id`,`grade`,`semester`,`year`,`startdate`,`enddate`) VALUES(5,2,'初中二年级 ','2014春季',2014,'2014/3/5 0:00:00','2014/7/10 0:00:00');
INSERT INTO `cunxiaoo_houtai`.`school_schedules`(`id`,`school_id`,`grade`,`semester`,`year`,`startdate`,`enddate`) VALUES(6,2,'初中三年级 ','2014春季',2014,'2014/3/6 0:00:00','2014/7/10 0:00:00');
INSERT INTO `cunxiaoo_houtai`.`school_schedules`(`id`,`school_id`,`grade`,`semester`,`year`,`startdate`,`enddate`) VALUES(7,3,'初中一年级 ','2014春季',2014,'2014/3/7 0:00:00','2014/6/30 0:00:00');
INSERT INTO `cunxiaoo_houtai`.`school_schedules`(`id`,`school_id`,`grade`,`semester`,`year`,`startdate`,`enddate`) VALUES(8,3,'初中二年级 ','2014春季',2014,'2014/3/8 0:00:00','2014/6/30 0:00:00');
INSERT INTO `cunxiaoo_houtai`.`school_schedules`(`id`,`school_id`,`grade`,`semester`,`year`,`startdate`,`enddate`) VALUES(9,3,'初中三年级 ','2014春季',2014,'2014/3/9 0:00:00','2014/6/30 0:00:00');
INSERT INTO `cunxiaoo_houtai`.`school_schedules`(`id`,`school_id`,`grade`,`semester`,`year`,`startdate`,`enddate`) VALUES(10,4,'初中一年级 ','2014春季',2014,'2014/3/10 0:00:00','2014/6/30 0:00:00');
INSERT INTO `cunxiaoo_houtai`.`school_schedules`(`id`,`school_id`,`grade`,`semester`,`year`,`startdate`,`enddate`) VALUES(11,4,'初中二年级 ','2014春季',2014,'2014/3/10 0:00:00','2014/6/30 0:00:00');
INSERT INTO `cunxiaoo_houtai`.`school_schedules`(`id`,`school_id`,`grade`,`semester`,`year`,`startdate`,`enddate`) VALUES(12,4,'初中三年级 ','2014春季',2014,'2014/3/10 0:00:00','2014/6/30 0:00:00');
INSERT INTO `cunxiaoo_houtai`.`school_schedules`(`id`,`school_id`,`grade`,`semester`,`year`,`startdate`,`enddate`) VALUES(13,5,'初中一年级 ','2014春季',2014,'2014/3/11 0:00:00','2014/6/30 0:00:00');
INSERT INTO `cunxiaoo_houtai`.`school_schedules`(`id`,`school_id`,`grade`,`semester`,`year`,`startdate`,`enddate`) VALUES(14,5,'初中二年级 ','2014春季',2014,'2014/3/11 0:00:00','2014/6/30 0:00:00');
INSERT INTO `cunxiaoo_houtai`.`school_schedules`(`id`,`school_id`,`grade`,`semester`,`year`,`startdate`,`enddate`) VALUES(15,5,'初中三年级 ','2014春季',2014,'2014/3/11 0:00:00','2014/6/30 0:00:00');
INSERT INTO `cunxiaoo_houtai`.`school_schedules`(`id`,`school_id`,`grade`,`semester`,`year`,`startdate`,`enddate`) VALUES(16,6,'初中一年级 ','2014春季',2014,'2014/3/10 0:00:00','2014/7/10 0:00:00');
INSERT INTO `cunxiaoo_houtai`.`school_schedules`(`id`,`school_id`,`grade`,`semester`,`year`,`startdate`,`enddate`) VALUES(17,6,'初中二年级 ','2014春季',2014,'2014/3/10 0:00:00','2014/7/10 0:00:00');
INSERT INTO `cunxiaoo_houtai`.`school_schedules`(`id`,`school_id`,`grade`,`semester`,`year`,`startdate`,`enddate`) VALUES(18,6,'初中三年级 ','2014春季',2014,'2014/3/10 0:00:00','2014/7/10 0:00:00');
INSERT INTO `cunxiaoo_houtai`.`school_schedules`(`id`,`school_id`,`grade`,`semester`,`year`,`startdate`,`enddate`) VALUES(19,7,'初中一年级 ','2014春季',2014,'2014/3/1 0:00:00','2014/7/10 0:00:00');
INSERT INTO `cunxiaoo_houtai`.`school_schedules`(`id`,`school_id`,`grade`,`semester`,`year`,`startdate`,`enddate`) VALUES(20,7,'初中二年级 ','2014春季',2014,'2014/3/1 0:00:00','2014/7/10 0:00:00');
INSERT INTO `cunxiaoo_houtai`.`school_schedules`(`id`,`school_id`,`grade`,`semester`,`year`,`startdate`,`enddate`) VALUES(21,7,'初中三年级 ','2014春季',2014,'2014/3/1 0:00:00','2014/7/10 0:00:00');
INSERT INTO `cunxiaoo_houtai`.`school_schedules`(`id`,`school_id`,`grade`,`semester`,`year`,`startdate`,`enddate`) VALUES(22,8,'初中一年级 ','2014春季',2014,'2014/2/10 0:00:00','2014/7/10 0:00:00');
INSERT INTO `cunxiaoo_houtai`.`school_schedules`(`id`,`school_id`,`grade`,`semester`,`year`,`startdate`,`enddate`) VALUES(23,8,'初中二年级 ','2014春季',2014,'2014/2/10 0:00:00','2014/7/10 0:00:00');
INSERT INTO `cunxiaoo_houtai`.`school_schedules`(`id`,`school_id`,`grade`,`semester`,`year`,`startdate`,`enddate`) VALUES(24,8,'初中三年级 ','2014春季',2014,'2014/2/10 0:00:00','2014/7/10 0:00:00');

INSERT INTO `cunxiaoo_houtai`.`donations`(`id`,`student_id`,`school_id`,`schoolsch_id`,`student_class`,`donator_id`,`status`,`brief`,`remark`) VALUES(1,1,1,2,'1',11,'','已发到帐通知','');
INSERT INTO `cunxiaoo_houtai`.`donations`(`id`,`student_id`,`school_id`,`schoolsch_id`,`student_class`,`donator_id`,`status`,`brief`,`remark`) VALUES(2,2,2,5,'327',12,'','已确认汇款','');
INSERT INTO `cunxiaoo_houtai`.`donations`(`id`,`student_id`,`school_id`,`schoolsch_id`,`student_class`,`donator_id`,`status`,`brief`,`remark`) VALUES(3,3,2,8,'204',13,'','等待汇款','');
INSERT INTO `cunxiaoo_houtai`.`donations`(`id`,`student_id`,`school_id`,`schoolsch_id`,`student_class`,`donator_id`,`status`,`brief`,`remark`) VALUES(4,4,4,10,'6',14,'','已回执','');
INSERT INTO `cunxiaoo_houtai`.`donations`(`id`,`student_id`,`school_id`,`schoolsch_id`,`student_class`,`donator_id`,`status`,`brief`,`remark`) VALUES(5,5,5,15,'2',15,'','已回执','');
INSERT INTO `cunxiaoo_houtai`.`donations`(`id`,`student_id`,`school_id`,`schoolsch_id`,`student_class`,`donator_id`,`status`,`brief`,`remark`) VALUES(6,6,6,17,'14',16,'','已发到帐通知','');
INSERT INTO `cunxiaoo_houtai`.`donations`(`id`,`student_id`,`school_id`,`schoolsch_id`,`student_class`,`donator_id`,`status`,`brief`,`remark`) VALUES(7,7,5,14,'3',17,'','已回执','');
INSERT INTO `cunxiaoo_houtai`.`donations`(`id`,`student_id`,`school_id`,`schoolsch_id`,`student_class`,`donator_id`,`status`,`brief`,`remark`) VALUES(8,8,7,20,'2',18,'','资助人已汇款回复','');
INSERT INTO `cunxiaoo_houtai`.`donations`(`id`,`student_id`,`school_id`,`schoolsch_id`,`student_class`,`donator_id`,`status`,`brief`,`remark`) VALUES(9,9,7,20,'2',19,'','已回执','');
INSERT INTO `cunxiaoo_houtai`.`donations`(`id`,`student_id`,`school_id`,`schoolsch_id`,`student_class`,`donator_id`,`status`,`brief`,`remark`) VALUES(10,10,8,23,'24',20,'','等待重捐','');

INSERT INTO `cunxiaoo_houtai`.`feedbacks`(`id`,`user_id`,`school_id`,`type`,`context`,`brief`,`subject`,`status`,`author_id`,`submit_on`,`remark`) VALUES(1,1,-1,'F','这是2014年5月回访新拍的学生照片','','','1',21,'2014-08-09','');
INSERT INTO `cunxiaoo_houtai`.`feedbacks`(`id`,`user_id`,`school_id`,`type`,`context`,`brief`,`subject`,`status`,`author_id`,`submit_on`,`remark`) VALUES(2,2,-1,'S','我们收到学生寄来的礼物','','','1',21,'2014-08-09','');
INSERT INTO `cunxiaoo_houtai`.`feedbacks`(`id`,`user_id`,`school_id`,`type`,`context`,`brief`,`subject`,`status`,`author_id`,`submit_on`,`remark`) VALUES(3,3,-1,'F','收到本学期汇款，感谢捐助人','','','1',21,'2014-08-09','');
INSERT INTO `cunxiaoo_houtai`.`feedbacks`(`id`,`user_id`,`school_id`,`type`,`context`,`brief`,`subject`,`status`,`author_id`,`submit_on`,`remark`) VALUES(4,4,-1,'F','感谢捐助人','','','2',21,'2014-08-09','');
INSERT INTO `cunxiaoo_houtai`.`feedbacks`(`id`,`user_id`,`school_id`,`type`,`context`,`brief`,`subject`,`status`,`author_id`,`submit_on`,`remark`) VALUES(5,5,-1,'F','收到汇款，感谢捐助人，成绩退步，更加努力，好好学习。','','','已发表',21,'2014-08-09','');
INSERT INTO `cunxiaoo_houtai`.`feedbacks`(`id`,`user_id`,`school_id`,`type`,`context`,`brief`,`subject`,`status`,`author_id`,`submit_on`,`remark`) VALUES(6,6,-1,'F','这是2014年3月回访新拍的学生照片','','','已发表',21,'2014-08-09','');
INSERT INTO `cunxiaoo_houtai`.`feedbacks`(`id`,`user_id`,`school_id`,`type`,`context`,`brief`,`subject`,`status`,`author_id`,`submit_on`,`remark`) VALUES(7,7,-1,'F','收到本学期汇款，感谢捐助人','','','已发表',21,'2014-08-09','');
INSERT INTO `cunxiaoo_houtai`.`feedbacks`(`id`,`user_id`,`school_id`,`type`,`context`,`brief`,`subject`,`status`,`author_id`,`submit_on`,`remark`) VALUES(8,8,-1,'F','这是2014年5月回访新拍的学生照片','','','已回复',21,'2014-08-09','');
INSERT INTO `cunxiaoo_houtai`.`feedbacks`(`id`,`user_id`,`school_id`,`type`,`context`,`brief`,`subject`,`status`,`author_id`,`submit_on`,`remark`) VALUES(9,9,-1,'L','感谢捐助人','','','已发表',21,'2014-08-09','');
INSERT INTO `cunxiaoo_houtai`.`feedbacks`(`id`,`user_id`,`school_id`,`type`,`context`,`brief`,`subject`,`status`,`author_id`,`submit_on`,`remark`) VALUES(10,10,-1,'L','收到本学期汇款，感谢捐助人','','','已发表',21,'2014-08-09','');

INSERT INTO `cunxiaoo_houtai`.`contacts`(`id`,`user_id`,`school_id`,`phone`,`contact`,`type`,`remark`) VALUES(1,1,-1,'0954-6661280','妈妈','母子','');
INSERT INTO `cunxiaoo_houtai`.`contacts`(`id`,`user_id`,`school_id`,`phone`,`contact`,`type`,`remark`) VALUES(2,2,-1,'15096453828','妈妈','母子','');
INSERT INTO `cunxiaoo_houtai`.`contacts`(`id`,`user_id`,`school_id`,`phone`,`contact`,`type`,`remark`) VALUES(3,3,-1,'15125938089','爸爸','父子','');
INSERT INTO `cunxiaoo_houtai`.`contacts`(`id`,`user_id`,`school_id`,`phone`,`contact`,`type`,`remark`) VALUES(4,4,-1,'18787869623','爸爸','父子','');
INSERT INTO `cunxiaoo_houtai`.`contacts`(`id`,`user_id`,`school_id`,`phone`,`contact`,`type`,`remark`) VALUES(5,5,-1,'18981535339','姑姑','姑侄','');
INSERT INTO `cunxiaoo_houtai`.`contacts`(`id`,`user_id`,`school_id`,`phone`,`contact`,`type`,`remark`) VALUES(6,6,-1,'18383403570','妈妈','母子','');
INSERT INTO `cunxiaoo_houtai`.`contacts`(`id`,`user_id`,`school_id`,`phone`,`contact`,`type`,`remark`) VALUES(7,7,-1,'18383403429','妈妈 ','母子','');
INSERT INTO `cunxiaoo_houtai`.`contacts`(`id`,`user_id`,`school_id`,`phone`,`contact`,`type`,`remark`) VALUES(8,8,-1,'18286782315','爸爸','父子','');
INSERT INTO `cunxiaoo_houtai`.`contacts`(`id`,`user_id`,`school_id`,`phone`,`contact`,`type`,`remark`) VALUES(9,9,-1,'15086366631','爸爸','父女','');
INSERT INTO `cunxiaoo_houtai`.`contacts`(`id`,`user_id`,`school_id`,`phone`,`contact`,`type`,`remark`) VALUES(10,10,-1,'15087475325','姑姑','姑侄','');

INSERT INTO `cunxiaoo_houtai`.`bankacts`(`id`,`user_id`,`type`,`account`,`account_name`,`account_remark`,`address`,`bank`,`school_id`) VALUES(1,1,'S','','','','邮编：756304                                      汇款地址：宁夏回族自治区隆德县温堡乡温堡中学 ','',1);
INSERT INTO `cunxiaoo_houtai`.`bankacts`(`id`,`user_id`,`type`,`account`,`account_name`,`account_remark`,`address`,`bank`,`school_id`) VALUES(2,2,'S','','','','邮编：651600
收款地址：云南省武定县武定第一中学','',2);
INSERT INTO `cunxiaoo_houtai`.`bankacts`(`id`,`user_id`,`type`,`account`,`account_name`,`account_remark`,`address`,`bank`,`school_id`) VALUES(3,3,'S','','','','邮编：651600 
收款地址：云南省楚雄彝族自治州武定县香水中学德育室转','',3);
INSERT INTO `cunxiaoo_houtai`.`bankacts`(`id`,`user_id`,`type`,`account`,`account_name`,`account_remark`,`address`,`bank`,`school_id`) VALUES(4,4,'P','6223691513442016','李然芬          （母亲）','','','云南省农村信用社联合社武定县分行',-1);
INSERT INTO `cunxiaoo_houtai`.`bankacts`(`id`,`user_id`,`type`,`account`,`account_name`,`account_remark`,`address`,`bank`,`school_id`) VALUES(5,5,'P','6221886841007393004','莫色姐姐           （姑姑）','','','中国邮政储蓄银行四川省凉山州喜德县支行 ',-1);
INSERT INTO `cunxiaoo_houtai`.`bankacts`(`id`,`user_id`,`type`,`account`,`account_name`,`account_remark`,`address`,`bank`,`school_id`) VALUES(6,6,'P','6228480968364891471','何宁                 （表哥）','','','中国农业银行四川省凉山州冕宁县支行',-1);
INSERT INTO `cunxiaoo_houtai`.`bankacts`(`id`,`user_id`,`type`,`account`,`account_name`,`account_remark`,`address`,`bank`,`school_id`) VALUES(7,7,'P','6215996841000269010','巴久克布         （爸爸）','','','中国邮政储蓄银行四川省凉山州喜德县冕山镇支行',-1);
INSERT INTO `cunxiaoo_houtai`.`bankacts`(`id`,`user_id`,`type`,`account`,`account_name`,`account_remark`,`address`,`bank`,`school_id`) VALUES(8,8,'P','6221887091011133025','马仲兵','','','中国邮政储蓄威宁县黑石镇营业所',-1);
INSERT INTO `cunxiaoo_houtai`.`bankacts`(`id`,`user_id`,`type`,`account`,`account_name`,`account_remark`,`address`,`bank`,`school_id`) VALUES(9,9,'','6221887091011132563','李艳梅','','','中国邮政储蓄银行威宁县黑石镇支行',-1);
INSERT INTO `cunxiaoo_houtai`.`bankacts`(`id`,`user_id`,`type`,`account`,`account_name`,`account_remark`,`address`,`bank`,`school_id`) VALUES(10,10,'S','','','','邮编：654200，云南省曲靖市会泽县实验高中','',8);




INSERT INTO `cunxiaoo_houtai`.`address_dictionary`(`province`,`city`,`area`,`town`,`villiage`,`parent_code`,`code`,`level`) VALUES('','','','','','000000000000','000000000000',1);

INSERT INTO `cunxiaoo_houtai`.`address_dictionary`(`province`,`city`,`area`,`town`,`villiage`,`parent_code`,`code`,`level`) VALUES('北京市','','','','','000000000000','110000000000',2);

INSERT INTO `cunxiaoo_houtai`.`address_dictionary`(`province`,`city`,`area`,`town`,`villiage`,`parent_code`,`code`,`level`) VALUES('北京市','市辖区','','','','110000000000','110100000000',3);

INSERT INTO `cunxiaoo_houtai`.`address_dictionary`(`province`,`city`,`area`,`town`,`villiage`,`parent_code`,`code`,`level`) VALUES('北京市','市辖区','东城区','','','110100000000','110101000000',4);

INSERT INTO `cunxiaoo_houtai`.`address_dictionary`(`province`,`city`,`area`,`town`,`villiage`,`parent_code`,`code`,`level`) VALUES('北京市','市辖区','东城区','东华门街道办事处','','110101000000','110101001000',5);

INSERT INTO `cunxiaoo_houtai`.`address_dictionary`(`province`,`city`,`area`,`town`,`villiage`,`parent_code`,`code`,`level`) VALUES('北京市','市辖区','东城区','东华门街道办事处','多福巷社区居委会','110101001000','110101001001',6);

INSERT INTO `cunxiaoo_houtai`.`address_dictionary`(`province`,`city`,`area`,`town`,`villiage`,`parent_code`,`code`,`level`) VALUES('北京市','市辖区','东城区','东华门街道办事处','银闸社区居委会','110101001000','110101001002',6);

INSERT INTO `cunxiaoo_houtai`.`address_dictionary`(`province`,`city`,`area`,`town`,`villiage`,`parent_code`,`code`,`level`) VALUES('北京市','市辖区','东城区','东华门街道办事处','东厂社区居委会','110101001000','110101001005',6);

INSERT INTO `cunxiaoo_houtai`.`address_dictionary`(`province`,`city`,`area`,`town`,`villiage`,`parent_code`,`code`,`level`) VALUES('北京市','市辖区','东城区','东华门街道办事处','智德社区居委会','110101001000','110101001006',6);

INSERT INTO `cunxiaoo_houtai`.`address_dictionary`(`province`,`city`,`area`,`town`,`villiage`,`parent_code`,`code`,`level`) VALUES('北京市','市辖区','东城区','东华门街道办事处','南池子社区居委会','110101001000','110101001007',6);

INSERT INTO `cunxiaoo_houtai`.`address_dictionary`(`province`,`city`,`area`,`town`,`villiage`,`parent_code`,`code`,`level`) VALUES('北京市','市辖区','东城区','东华门街道办事处','黄图岗社区居委会','110101001000','110101001008',6);

INSERT INTO `cunxiaoo_houtai`.`address_dictionary`(`province`,`city`,`area`,`town`,`villiage`,`parent_code`,`code`,`level`) VALUES('北京市','市辖区','东城区','东华门街道办事处','灯市口社区居委会','110101001000','110101001009',6);

INSERT INTO `cunxiaoo_houtai`.`address_dictionary`(`province`,`city`,`area`,`town`,`villiage`,`parent_code`,`code`,`level`) VALUES('北京市','市辖区','东城区','东华门街道办事处','正义路社区居委会','110101001000','110101001010',6);

INSERT INTO `cunxiaoo_houtai`.`address_dictionary`(`province`,`city`,`area`,`town`,`villiage`,`parent_code`,`code`,`level`) VALUES('北京市','市辖区','东城区','东华门街道办事处','甘雨社区居委会','110101001000','110101001011',6);

INSERT INTO `cunxiaoo_houtai`.`address_dictionary`(`province`,`city`,`area`,`town`,`villiage`,`parent_code`,`code`,`level`) VALUES('北京市','市辖区','东城区','东华门街道办事处','台基厂社区居委会','110101001000','110101001013',6);

INSERT INTO `cunxiaoo_houtai`.`address_dictionary`(`province`,`city`,`area`,`town`,`villiage`,`parent_code`,`code`,`level`) VALUES('北京市','市辖区','东城区','东华门街道办事处','韶九社区居委会','110101001000','110101001014',6);

INSERT INTO `cunxiaoo_houtai`.`address_dictionary`(`province`,`city`,`area`,`town`,`villiage`,`parent_code`,`code`,`level`) VALUES('北京市','市辖区','东城区','东华门街道办事处','王府井社区居委会','110101001000','110101001015',6);

INSERT INTO `cunxiaoo_houtai`.`address_dictionary`(`province`,`city`,`area`,`town`,`villiage`,`parent_code`,`code`,`level`) VALUES('北京市','市辖区','东城区','景山街道办事处','','110101000000','110101002000',5);

INSERT INTO `cunxiaoo_houtai`.`address_dictionary`(`province`,`city`,`area`,`town`,`villiage`,`parent_code`,`code`,`level`) VALUES('北京市','市辖区','东城区','景山街道办事处','隆福寺社区居委会','110101002000','110101002001',6);

INSERT INTO `cunxiaoo_houtai`.`address_dictionary`(`province`,`city`,`area`,`town`,`villiage`,`parent_code`,`code`,`level`) VALUES('北京市','市辖区','东城区','景山街道办事处','吉祥社区居委会','110101002000','110101002002',6);
